State,Total Registered,Total Ballots Cast,Average Turnout (%),Turnout Rate
Florida,14052552.0,10051366.0,67.7403125,71.52697958349486
North Carolina,7371229.0,5544018.0,75.519971887,75.2115827632
Nevada,1821864.0,1425026.0,82.13271558058825,78.21802286010372
Michigan,1504518.0,939592.0,56.95592173975307,62.451363160826254
