State,Total Spending Trump,Campaign Spending Trump,Outside Spending Trump,Total Spending Biden,Campaign Spending Biden,Outside Spending Biden,Total Registered,Per Capita Total Spending Trump,Per Capita Campaign Spending Trump,Per Capita Outside Spending Trump,Per Capita Total Spending Biden,Per Capita Campaign Spending Biden,Per Capita Outside Spending Biden,Campaign/Outside Spending Ratio Trump,Campaign/Outside Spending Ratio Biden,Spending Bin Trump,Spending Bin Biden
Florida,67.7,35.7,103.4,82.3,71.8,154.1,14052552.0,4.817630278116032,2.5404638246490743,7.358094102765106,5.8565874725103315,5.109392229966486,10.965979702476817,0.3452611218568665,0.46593121349772876,High,High
Michigan,15.0,6.5,21.5,33.8,64.8,98.6,1504518.0,9.969970449007588,4.320320527903289,14.290290976910878,22.4656667450971,43.07027233971279,65.53593908480988,0.3023255813953488,0.6572008113590264,Medium,Medium
Nevada,5.8,1.0,6.8,9.7,11.0,20.7,1821864.0,3.183552669134469,0.5488883912300808,3.73244106036455,5.324217394931784,6.03777230353089,11.361989698462674,0.14705882352941177,0.5314009661835749,Low,Low
North Carolina,32.3,33.1,65.4,42.5,2.9,45.4,7371229.0,4.381901579777266,4.490431649864629,8.872333229641896,5.7656599733911404,0.3934215040666896,6.159081477457829,0.5061162079510703,0.06387665198237885,High,High
