state,winning_party,winning_party_percentage,second_place_percentage,margin_of_victory
Florida,REP,51.69475466214156,48.305245337858445,3.389509324283118
Michigan,DEM,51.413559344409464,48.58644065559054,2.8271186888189206
Nevada,DEM,51.2231173400438,48.77688265995619,2.4462346800876063
North Carolina,REP,50.68418253318673,49.31581746681328,1.3683650663734497
