state,median_age,male_to_female_ratio,white_percentage,black_percentage,asian_percentage,hispanic_latino_percentage,total_ad_spending_millions,total_registered,total_ballots_cast,average_turnout_percentage,winning_party,winning_party_percentage,second_place_percentage,margin_of_victory
Michigan,67,0.97,73.9,13.7,3.3,5.6,102.0,1504518.0,939592.0,56.95592173975307,DEM,51.41355934440946,48.58644065559054,2.8271186888189206
Florida,42,0.94,57.7,15.1,3.0,26.5,258.0,14052552.0,10051366.0,67.7403125,REP,51.69475466214156,48.305245337858445,3.389509324283118
North Carolina,42,0.94,62.2,20.5,3.3,10.7,111.0,7371229.0,5544018.0,75.519971887,REP,50.68418253318673,49.31581746681328,1.3683650663734497
Nevada,47,1.0,51.2,9.8,8.8,28.7,28.0,1821864.0,1425026.0,82.13271558058825,DEM,51.2231173400438,48.77688265995619,2.4462346800876063
